<?xml version="1.0"?>
<doc>
    <assembly>
        <name>dnSpy.Scripting.Roslyn.Plugin</name>
    </assembly>
    <members>
        <member name="T:dnSpy.Scripting.Roslyn.Common.IScriptCommand">
            <summary>
            Script command, eg. '#mycommand'
            </summary>
        </member>
        <member name="P:dnSpy.Scripting.Roslyn.Common.IScriptCommand.Names">
            <summary>
            Name, eg. 'mycommand'
            </summary>
        </member>
        <member name="P:dnSpy.Scripting.Roslyn.Common.IScriptCommand.ShortDescription">
            <summary>
            Short one-line description
            </summary>
        </member>
        <member name="M:dnSpy.Scripting.Roslyn.Common.IScriptCommand.Execute(dnSpy.Scripting.Roslyn.Common.ScriptControlVM,System.String[])">
            <summary>
            Executes the command
            </summary>
            <param name="vm">Owner</param>
            <param name="args">Args</param>
        </member>
        <member name="M:dnSpy.Scripting.Roslyn.Common.IScriptGlobalsHelper.Print(dnSpy.Scripting.Roslyn.Common.ScriptGlobals,System.String)">
            <summary>
            Prints text. Method can be called from any thread
            </summary>
            <param name="globals">Globals</param>
            <param name="text">Text</param>
        </member>
        <member name="M:dnSpy.Scripting.Roslyn.Common.IScriptGlobalsHelper.PrintLine(dnSpy.Scripting.Roslyn.Common.ScriptGlobals,System.String)">
            <summary>
            Prints text plus a new line. Method can be called from any thread
            </summary>
            <param name="globals">Globals</param>
            <param name="text">Text</param>
        </member>
        <member name="M:dnSpy.Scripting.Roslyn.Common.IScriptGlobalsHelper.Print(dnSpy.Scripting.Roslyn.Common.ScriptGlobals,System.Object)">
            <summary>
            Prints text. Method can be called from any thread
            </summary>
            <param name="globals">Globals</param>
            <param name="value">Value</param>
        </member>
        <member name="M:dnSpy.Scripting.Roslyn.Common.IScriptGlobalsHelper.PrintLine(dnSpy.Scripting.Roslyn.Common.ScriptGlobals,System.Object)">
            <summary>
            Prints text plus a new line. Method can be called from any thread
            </summary>
            <param name="globals">Globals</param>
            <param name="value">Value</param>
        </member>
        <member name="P:dnSpy.Scripting.Roslyn.Common.IScriptGlobalsHelper.ServiceLocator">
            <summary>
            Gets the service locator
            </summary>
        </member>
        <member name="M:dnSpy.Scripting.Roslyn.Common.ScriptControl.InitializeComponent">
            <summary>
            InitializeComponent
            </summary>
        </member>
        <member name="M:dnSpy.Scripting.Roslyn.Common.ScriptControlVM.IsCurrentScript(dnSpy.Scripting.Roslyn.Common.ScriptGlobals)">
            <summary>
            Returns true if it's the current script
            </summary>
            <param name="globals">Globals</param>
            <returns></returns>
        </member>
        <member name="T:dnSpy.Scripting.Roslyn.Properties.dnSpy_Scripting_Roslyn_Resources">
            <summary>
              A strongly-typed resource class, for looking up localized strings, etc.
            </summary>
        </member>
        <member name="P:dnSpy.Scripting.Roslyn.Properties.dnSpy_Scripting_Roslyn_Resources.ResourceManager">
            <summary>
              Returns the cached ResourceManager instance used by this class.
            </summary>
        </member>
        <member name="P:dnSpy.Scripting.Roslyn.Properties.dnSpy_Scripting_Roslyn_Resources.Culture">
            <summary>
              Overrides the current thread's CurrentUICulture property for all
              resource lookups using this strongly typed resource class.
            </summary>
        </member>
        <member name="P:dnSpy.Scripting.Roslyn.Properties.dnSpy_Scripting_Roslyn_Resources.ClearScreenCommand">
            <summary>
              Looks up a localized string similar to Clear Screen.
            </summary>
        </member>
        <member name="P:dnSpy.Scripting.Roslyn.Properties.dnSpy_Scripting_Roslyn_Resources.CompilationAdditionalError">
            <summary>
              Looks up a localized string similar to + additional {0} error.
            </summary>
        </member>
        <member name="P:dnSpy.Scripting.Roslyn.Properties.dnSpy_Scripting_Roslyn_Resources.CompilationAdditionalErrors">
            <summary>
              Looks up a localized string similar to + additional {0} errors.
            </summary>
        </member>
        <member name="P:dnSpy.Scripting.Roslyn.Properties.dnSpy_Scripting_Roslyn_Resources.CopyCommand">
            <summary>
              Looks up a localized string similar to Cop_y.
            </summary>
        </member>
        <member name="P:dnSpy.Scripting.Roslyn.Properties.dnSpy_Scripting_Roslyn_Resources.CutCommand">
            <summary>
              Looks up a localized string similar to Cu_t.
            </summary>
        </member>
        <member name="P:dnSpy.Scripting.Roslyn.Properties.dnSpy_Scripting_Roslyn_Resources.HelpAltDown">
            <summary>
              Looks up a localized string similar to Show next command.
            </summary>
        </member>
        <member name="P:dnSpy.Scripting.Roslyn.Properties.dnSpy_Scripting_Roslyn_Resources.HelpAltUp">
            <summary>
              Looks up a localized string similar to Show previous command.
            </summary>
        </member>
        <member name="P:dnSpy.Scripting.Roslyn.Properties.dnSpy_Scripting_Roslyn_Resources.HelpClearDescription">
            <summary>
              Looks up a localized string similar to Clear the script editor.
            </summary>
        </member>
        <member name="P:dnSpy.Scripting.Roslyn.Properties.dnSpy_Scripting_Roslyn_Resources.HelpCtrlA">
            <summary>
              Looks up a localized string similar to Select input text. Press again to select all text.
            </summary>
        </member>
        <member name="P:dnSpy.Scripting.Roslyn.Properties.dnSpy_Scripting_Roslyn_Resources.HelpCtrlAltDown">
            <summary>
              Looks up a localized string similar to Show next command matching the current input text.
            </summary>
        </member>
        <member name="P:dnSpy.Scripting.Roslyn.Properties.dnSpy_Scripting_Roslyn_Resources.HelpCtrlAltUp">
            <summary>
              Looks up a localized string similar to Show previous command matching the current input text.
            </summary>
        </member>
        <member name="P:dnSpy.Scripting.Roslyn.Properties.dnSpy_Scripting_Roslyn_Resources.HelpCtrlEnter">
            <summary>
              Looks up a localized string similar to Execute the command.
            </summary>
        </member>
        <member name="P:dnSpy.Scripting.Roslyn.Properties.dnSpy_Scripting_Roslyn_Resources.HelpEnter">
            <summary>
              Looks up a localized string similar to Execute the command.
            </summary>
        </member>
        <member name="P:dnSpy.Scripting.Roslyn.Properties.dnSpy_Scripting_Roslyn_Resources.HelpEscape">
            <summary>
              Looks up a localized string similar to Clear current input.
            </summary>
        </member>
        <member name="P:dnSpy.Scripting.Roslyn.Properties.dnSpy_Scripting_Roslyn_Resources.HelpHelpDescription">
            <summary>
              Looks up a localized string similar to Display the help.
            </summary>
        </member>
        <member name="P:dnSpy.Scripting.Roslyn.Properties.dnSpy_Scripting_Roslyn_Resources.HelpKeyboardShortcuts">
            <summary>
              Looks up a localized string similar to Keyboard shortcuts:.
            </summary>
        </member>
        <member name="P:dnSpy.Scripting.Roslyn.Properties.dnSpy_Scripting_Roslyn_Resources.HelpReplCommands">
            <summary>
              Looks up a localized string similar to REPL commands:.
            </summary>
        </member>
        <member name="P:dnSpy.Scripting.Roslyn.Properties.dnSpy_Scripting_Roslyn_Resources.HelpResetDescription">
            <summary>
              Looks up a localized string similar to Reset the execution environment.
            </summary>
        </member>
        <member name="P:dnSpy.Scripting.Roslyn.Properties.dnSpy_Scripting_Roslyn_Resources.HelpScriptDirective_load">
            <summary>
              Looks up a localized string similar to Load and execute a script, #load &quot;myscript.csx&quot;.
            </summary>
        </member>
        <member name="P:dnSpy.Scripting.Roslyn.Properties.dnSpy_Scripting_Roslyn_Resources.HelpScriptDirective_r">
            <summary>
              Looks up a localized string similar to Add a reference, either an assembly or a path to a file on disk or a path relative to the dnSpy or user directory, #r &quot;myfile.dll&quot;.
            </summary>
        </member>
        <member name="P:dnSpy.Scripting.Roslyn.Properties.dnSpy_Scripting_Roslyn_Resources.HelpScriptDirectives">
            <summary>
              Looks up a localized string similar to Script directives:.
            </summary>
        </member>
        <member name="P:dnSpy.Scripting.Roslyn.Properties.dnSpy_Scripting_Roslyn_Resources.HelpShiftEnter">
            <summary>
              Looks up a localized string similar to Insert a new line.
            </summary>
        </member>
        <member name="P:dnSpy.Scripting.Roslyn.Properties.dnSpy_Scripting_Roslyn_Resources.HelpString">
            <summary>
              Looks up a localized string similar to Type &quot;#help&quot; for more information..
            </summary>
        </member>
        <member name="P:dnSpy.Scripting.Roslyn.Properties.dnSpy_Scripting_Roslyn_Resources.LoadingContextFromFile">
            <summary>
              Looks up a localized string similar to Loading context from &apos;{0}&apos;..
            </summary>
        </member>
        <member name="P:dnSpy.Scripting.Roslyn.Properties.dnSpy_Scripting_Roslyn_Resources.PasteCommand">
            <summary>
              Looks up a localized string similar to _Paste.
            </summary>
        </member>
        <member name="P:dnSpy.Scripting.Roslyn.Properties.dnSpy_Scripting_Roslyn_Resources.Plugin_ShortDescription">
            <summary>
              Looks up a localized string similar to Scripting.
            </summary>
        </member>
        <member name="P:dnSpy.Scripting.Roslyn.Properties.dnSpy_Scripting_Roslyn_Resources.ResettingExecutionEngine">
            <summary>
              Looks up a localized string similar to Resetting execution engine..
            </summary>
        </member>
        <member name="P:dnSpy.Scripting.Roslyn.Properties.dnSpy_Scripting_Roslyn_Resources.Script_ToolTip_ClearScreen">
            <summary>
              Looks up a localized string similar to Clear Screen (Ctrl+L).
            </summary>
        </member>
        <member name="P:dnSpy.Scripting.Roslyn.Properties.dnSpy_Scripting_Roslyn_Resources.Script_ToolTip_HistoryNext">
            <summary>
              Looks up a localized string similar to History Next (Alt+Down Arrow).
            </summary>
        </member>
        <member name="P:dnSpy.Scripting.Roslyn.Properties.dnSpy_Scripting_Roslyn_Resources.Script_ToolTip_HistoryPrevious">
            <summary>
              Looks up a localized string similar to History Previous (Alt+Up Arrow).
            </summary>
        </member>
        <member name="P:dnSpy.Scripting.Roslyn.Properties.dnSpy_Scripting_Roslyn_Resources.Script_ToolTip_Reset">
            <summary>
              Looks up a localized string similar to Reset.
            </summary>
        </member>
        <member name="P:dnSpy.Scripting.Roslyn.Properties.dnSpy_Scripting_Roslyn_Resources.ShortCutKeyAltDown">
            <summary>
              Looks up a localized string similar to Alt+Down Arrow.
            </summary>
        </member>
        <member name="P:dnSpy.Scripting.Roslyn.Properties.dnSpy_Scripting_Roslyn_Resources.ShortCutKeyAltUp">
            <summary>
              Looks up a localized string similar to Alt+Up Arrow.
            </summary>
        </member>
        <member name="P:dnSpy.Scripting.Roslyn.Properties.dnSpy_Scripting_Roslyn_Resources.ShortCutKeyCtrlA">
            <summary>
              Looks up a localized string similar to Ctrl+A.
            </summary>
        </member>
        <member name="P:dnSpy.Scripting.Roslyn.Properties.dnSpy_Scripting_Roslyn_Resources.ShortCutKeyCtrlAltDown">
            <summary>
              Looks up a localized string similar to Ctrl+Alt+Down Arrow.
            </summary>
        </member>
        <member name="P:dnSpy.Scripting.Roslyn.Properties.dnSpy_Scripting_Roslyn_Resources.ShortCutKeyCtrlAltN">
            <summary>
              Looks up a localized string similar to Ctrl+Alt+N.
            </summary>
        </member>
        <member name="P:dnSpy.Scripting.Roslyn.Properties.dnSpy_Scripting_Roslyn_Resources.ShortCutKeyCtrlAltUp">
            <summary>
              Looks up a localized string similar to Ctrl+Alt+Up Arrow.
            </summary>
        </member>
        <member name="P:dnSpy.Scripting.Roslyn.Properties.dnSpy_Scripting_Roslyn_Resources.ShortCutKeyCtrlC">
            <summary>
              Looks up a localized string similar to Ctrl+C.
            </summary>
        </member>
        <member name="P:dnSpy.Scripting.Roslyn.Properties.dnSpy_Scripting_Roslyn_Resources.ShortCutKeyCtrlEnter">
            <summary>
              Looks up a localized string similar to Ctrl+Enter.
            </summary>
        </member>
        <member name="P:dnSpy.Scripting.Roslyn.Properties.dnSpy_Scripting_Roslyn_Resources.ShortCutKeyCtrlL">
            <summary>
              Looks up a localized string similar to Ctrl+L.
            </summary>
        </member>
        <member name="P:dnSpy.Scripting.Roslyn.Properties.dnSpy_Scripting_Roslyn_Resources.ShortCutKeyCtrlV">
            <summary>
              Looks up a localized string similar to Ctrl+V.
            </summary>
        </member>
        <member name="P:dnSpy.Scripting.Roslyn.Properties.dnSpy_Scripting_Roslyn_Resources.ShortCutKeyCtrlX">
            <summary>
              Looks up a localized string similar to Ctrl+X.
            </summary>
        </member>
        <member name="P:dnSpy.Scripting.Roslyn.Properties.dnSpy_Scripting_Roslyn_Resources.ShortCutKeyEnter">
            <summary>
              Looks up a localized string similar to Enter.
            </summary>
        </member>
        <member name="P:dnSpy.Scripting.Roslyn.Properties.dnSpy_Scripting_Roslyn_Resources.ShortCutKeyEscape">
            <summary>
              Looks up a localized string similar to Esc.
            </summary>
        </member>
        <member name="P:dnSpy.Scripting.Roslyn.Properties.dnSpy_Scripting_Roslyn_Resources.ShortCutKeyShiftEnter">
            <summary>
              Looks up a localized string similar to Shift+Enter.
            </summary>
        </member>
        <member name="P:dnSpy.Scripting.Roslyn.Properties.dnSpy_Scripting_Roslyn_Resources.Window_CSharp">
            <summary>
              Looks up a localized string similar to C# Interactive.
            </summary>
        </member>
        <member name="T:XamlGeneratedNamespace.GeneratedInternalTypeHelper">
            <summary>
            GeneratedInternalTypeHelper
            </summary>
        </member>
        <member name="M:XamlGeneratedNamespace.GeneratedInternalTypeHelper.CreateInstance(System.Type,System.Globalization.CultureInfo)">
            <summary>
            CreateInstance
            </summary>
        </member>
        <member name="M:XamlGeneratedNamespace.GeneratedInternalTypeHelper.GetPropertyValue(System.Reflection.PropertyInfo,System.Object,System.Globalization.CultureInfo)">
            <summary>
            GetPropertyValue
            </summary>
        </member>
        <member name="M:XamlGeneratedNamespace.GeneratedInternalTypeHelper.SetPropertyValue(System.Reflection.PropertyInfo,System.Object,System.Object,System.Globalization.CultureInfo)">
            <summary>
            SetPropertyValue
            </summary>
        </member>
        <member name="M:XamlGeneratedNamespace.GeneratedInternalTypeHelper.CreateDelegate(System.Type,System.Object,System.String)">
            <summary>
            CreateDelegate
            </summary>
        </member>
        <member name="M:XamlGeneratedNamespace.GeneratedInternalTypeHelper.AddEventHandler(System.Reflection.EventInfo,System.Object,System.Delegate)">
            <summary>
            AddEventHandler
            </summary>
        </member>
    </members>
</doc>
